               epoch,      train/box_loss,      train/obj_loss,      train/cls_loss,   metrics/precision,      metrics/recall,     metrics/mAP_0.5,metrics/mAP_0.5:0.95,        val/box_loss,        val/obj_loss,        val/cls_loss,               x/lr0,               x/lr1,               x/lr2
                   0,            0.048477,            0.019734,            0.025009,                   0,                   0,                   0,                   0,            0.073582,             0.01775,            0.041322,             0.00051,             0.00051,             0.09541
                   1,            0.037548,            0.016854,            0.019424,          0.00072069,            0.011765,          0.00014093,          1.4093e-05,             0.06672,            0.014843,            0.040202,           0.0010199,           0.0010199,             0.09072
